,Candidate,State,District,Office Type,Race Type,Race Primary Election Date,Primary Status,General Status,CAND_CONTRIB,OTHER_POL_CMTE_CONTRIB,POL_PTY_CONTRIB,INDIV_REFUNDS,CMTE_REFUNDS,CVG_END_DT,Emily Endorsed?,Biden Endorsed?,Warren Endorsed? ,Sanders Endorsed?,Our Revolution Endorsed?,Justice Dems Endorsed?,PCCC Endorsed?,Indivisible Endorsed?,WFP Endorsed?,VoteVets Endorsed?
0,AUDRI WILLIAMS,AL,U.S. House Alabama District 2,Representative,Regular,6/5/18,Lost,,2200.0,0.0,0.0,0.0,0.0,06/30/2018,,,,,,,,,,
1,TABITHA ISNER,AL,U.S. House Alabama District 2,Representative,Regular,6/5/18,Advanced,On the Ballot,14285.73,8605.0,0.0,4796.05,1000.0,12/31/2018,,,,,,,,,,
2,ADIA WINFREY,AL,U.S. House Alabama District 3,Representative,Regular,6/5/18,Lost,,140.0,0.0,0.0,203.6,0.0,12/31/2018,,,,,,,,,,
3,MALLORY HAGAN,AL,U.S. House Alabama District 3,Representative,Regular,6/5/18,Advanced,On the Ballot,0.0,30500.0,500.0,3935.43,0.0,12/31/2018,,,,,,,,,,
4,PETER JOFFRION,AL,U.S. House Alabama District 5,Representative,Regular,6/5/18,Advanced,On the Ballot,1156.51,29823.41,0.0,5670.3,4000.0,12/31/2018,,,,,,,,Yes,,
5,DANNER KLINE,AL,U.S. House Alabama District 6,Representative,Regular,6/5/18,Advanced,On the Ballot,818.0,9000.0,0.0,35.0,0.0,11/26/2018,,,,,,,,,,
6,CHINTAN DESAI,AR,U.S. House Arkansas District 1,Representative,Regular,5/22/18,Advanced,On the Ballot,4597.63,12320.46,0.0,0.0,0.0,11/30/2018,,,,,,,,Yes,,
7,JONATHAN DUNKLEY,AR,U.S. House Arkansas District 2,Representative,Regular,5/22/18,Lost,,0.0,0.0,0.0,0.0,0.0,07/25/2018,,,,,,,,,,
8,PAUL SPENCER,AR,U.S. House Arkansas District 2,Representative,Regular,5/22/18,Lost,,1583.0,0.0,0.0,2083.0,0.0,12/31/2018,,,,,,,,,,
9,HAYDEN SHAMEL,AR,U.S. House Arkansas District 4,Representative,Regular,5/22/18,Advanced,On the Ballot,3576.2,12325.88,7764.32,309.0,2701.81,12/31/2018,,,,,,,,,,
10,HIRAL TIPIRNENI,AZ,U.S. House Arizona District 8,Representative,Special,2/27/18,Advanced,On the Ballot,23593.05,206952.6,0.0,103928.84,0.0,12/31/2018,,,,,No,No,,,,
11,AUDREY DENNEY,CA,U.S. House California District 1,Representative,Regular,6/5/18,Advanced,On the Ballot,0.0,38045.2,2000.0,2758.81,700.0,12/31/2018,,,,,Yes,Yes,,No,,
12,DAVID PETERSON,CA,U.S. House California District 1,Representative,Regular,6/5/18,Lost,,0.0,0.0,0.0,0.0,0.0,03/31/2018,,,,,No,No,,No,,
13,JESSICA HOLCOMBE,CA,U.S. House California District 1,Representative,Regular,6/5/18,Lost,,104.0,0.0,0.0,2671.66,0.0,08/23/2018,,,,,No,No,,No,,
14,JOSH HARDER,CA,U.S. House California District 10,Representative,Regular,6/5/18,Advanced,On the Ballot,0.0,350099.9,1396.2,51546.84,2425.0,12/31/2018,No,,,,No,No,,No,,
15,MICHAEL EGGMAN,CA,U.S. House California District 10,Representative,Regular,6/5/18,Lost,,0.0,34500.0,0.0,18085.0,10000.0,09/30/2018,No,,,,No,No,,No,,
16,ANDREW JANZ,CA,U.S. House California District 22,Representative,Regular,6/5/18,Advanced,On the Ballot,0.0,116743.71,1595.96,126723.67,8500.0,12/31/2018,,,,,,,,,,
17,BOBBY BLIATOUT,CA,U.S. House California District 22,Representative,Regular,6/5/18,Lost,,205831.61,0.0,0.0,2302.43,0.0,08/30/2018,,,,,,,,,,
18,RICARDO FRANCO,CA,U.S. House California District 22,Representative,Regular,6/5/18,Lost,,4542.0,1000.0,0.0,0.0,0.0,12/31/2018,,,,,,,,,,
19,KURTIS WILSON,CA,U.S. House California District 23,Representative,Regular,6/5/18,Lost,,480.14,0.0,0.0,0.0,0.0,12/31/2018,,,,,,,,,,
20,MARY BARRO,CA,U.S. House California District 23,Representative,Regular,6/5/18,Lost,,11855.54,0.0,0.0,0.0,0.0,12/31/2018,,,,,,,,,,
21,TATIANA MATTA,CA,U.S. House California District 23,Representative,Regular,6/5/18,Advanced,On the Ballot,1418.36,19825.0,0.0,1.0,0.0,12/31/2018,,,,,,,,,,
22,WENDY REED,CA,U.S. House California District 23,Representative,Regular,6/5/18,Lost,,0.0,1000.0,0.0,3.58,0.0,12/31/2018,,,,,,,,,,
23,BRYAN CAFORIO,CA,U.S. House California District 25,Representative,Regular,6/5/18,Lost,,12682.51,62796.4,0.0,84536.48,10000.0,12/31/2018,No,,,,No,Yes,,,,
24,JESS PHOENIX,CA,U.S. House California District 25,Representative,Regular,6/5/18,Lost,,2645.7,3850.0,0.0,12836.13,0.0,12/31/2018,No,,,,Yes,No,,,,
25,MARY PALLANT,CA,U.S. House California District 25,Representative,Regular,6/5/18,Lost,,3338.09,0.0,0.0,0.0,0.0,06/30/2018,No,,,,No,No,,,,
26,ANDY THORBURN,CA,U.S. House California District 39,Representative,Regular,6/5/18,Lost,,26000.0,0.0,0.0,59422.55,0.0,12/31/2018,No,,,,Yes,,,No,,No
27,SUZI LEGGETT,CA,U.S. House California District 39,Representative,Regular,6/5/18,Lost,,0.0,0.0,0.0,5195.46,0.0,12/31/2018,No,,,,No,,,No,,No
28,JESSICA MORSE,CA,U.S. House California District 4,Representative,Regular,6/5/18,Advanced,On the Ballot,231.81,218561.69,1978.46,43157.27,700.0,12/31/2018,,,,,No,No,,Yes,,
29,REGINA BATESON,CA,U.S. House California District 4,Representative,Regular,6/5/18,Lost,,1766.99,0.0,0.0,47110.95,0.0,08/09/2018,,,,,No,No,,No,,
30,ROZA CALDERON,CA,U.S. House California District 4,Representative,Regular,6/5/18,Lost,,0.0,0.0,0.0,2700.0,0.0,03/31/2018,,,,,Yes,Yes,,No,,
31,JULIA PEACOCK,CA,U.S. House California District 42,Representative,Regular,6/5/18,Advanced,On the Ballot,0.0,4709.54,749.03,53.7,0.0,12/31/2018,,,,,,,,Yes,,
32,NORMAN QUINTERO,CA,U.S. House California District 42,Representative,Regular,6/5/18,Lost,,250.0,0.0,0.0,0.0,0.0,11/23/2018,,,,,,,,No,,
33,BRIAN FORDE,CA,U.S. House California District 45,Representative,Regular,6/5/18,Lost,,5400.0,12500.0,0.0,112515.53,0.0,12/31/2018,No,,No,,No,,No,,,
34,KIA HAMADANCHY,CA,U.S. House California District 45,Representative,Regular,6/5/18,Lost,,0.0,11000.0,0.0,44840.12,0.0,08/24/2018,No,,No,,Yes,,No,,,
35,HANS KEIRSTEAD,CA,U.S. House California District 48,Representative,Regular,6/5/18,Lost,,155400.0,29700.0,0.0,51066.92,0.0,12/31/2018,No,,,,,No,,No,,
36,HARLEY ROUDA,CA,U.S. House California District 48,Representative,Regular,6/5/18,Advanced,On the Ballot,55500.0,558821.0,0.0,75464.86,14696.03,12/31/2018,No,,,,,No,,Yes,,
37,LAURA OATMAN,CA,U.S. House California District 48,Representative,Regular,6/5/18,Lost,,13197.23,0.0,0.0,24767.7,0.0,12/31/2018,No,,,,,Yes,,No,,
38,OMAR SIDDIQUI,CA,U.S. House California District 48,Representative,Regular,6/5/18,Lost,,241849.27,0.0,0.0,14002.42,0.0,12/31/2018,No,,,,,No,,No,,
39,RACHEL PAYNE,CA,U.S. House California District 48,Representative,Regular,6/5/18,Lost,,94688.53,5000.0,0.0,42475.0,0.0,12/31/2018,Yes,,,,,No,,No,,
40,TONY ZARKADES,CA,U.S. House California District 48,Representative,Regular,6/5/18,Lost,,0.0,0.0,0.0,0.0,0.0,06/30/2018,No,,,,,No,,No,,
41,MIKE LEVIN,CA,U.S. House California District 49,Representative,Regular,6/5/18,Advanced,On the Ballot,11525.82,509592.08,6129.23,65291.47,4924.22,12/31/2018,No,,,,,No,Yes,,,No
42,PAUL KERR,CA,U.S. House California District 49,Representative,Regular,6/5/18,Lost,,5715217.54,11000.0,0.0,347045.19,6000.0,12/31/2018,No,,,,,No,No,,,No
43,SARA JACOBS,CA,U.S. House California District 49,Representative,Regular,6/5/18,Lost,,2155798.19,13500.0,0.0,177228.04,1000.0,12/31/2018,Yes,,,,,No,No,,,No
44,AMMAR CAMPA-NAJJAR,CA,U.S. House California District 50,Representative,Regular,6/5/18,Advanced,On the Ballot,0.0,190162.52,15785.55,72443.83,2750.0,12/31/2018,,,,,,Yes,Yes,Yes,,
45,JOSH BUTNER,CA,U.S. House California District 50,Representative,Regular,6/5/18,Lost,,10820.82,60700.0,0.0,93695.14,0.0,07/24/2018,,,,,,No,No,No,,Yes
46,MARK WILLIAMS,CO,U.S. House Colorado District 2,Representative,Regular,6/26/18,Lost,,0.0,0.0,0.0,91.0,0.0,09/30/2018,,,,,,,,,,
47,KARL HANLON,CO,U.S. House Colorado District 3,Representative,Regular,6/26/18,Lost,,7829.61,150.0,0.0,22881.82,0.0,10/12/2018,No,,,,,,,,,
48,KAREN MCCORMICK,CO,U.S. House Colorado District 4,Representative,Regular,6/26/18,Advanced,On the Ballot,7742.65,35627.59,0.0,3918.79,0.0,12/31/2018,,,,,,,,,,
49,STEPHANY SPAULDING,CO,U.S. House Colorado District 5,Representative,Regular,6/26/18,Advanced,On the Ballot,12323.32,36432.0,0.0,621.0,0.0,12/31/2018,,,,,,Yes,,,,
50,JASON CROW,CO,U.S. House Colorado District 6,Representative,Regular,6/26/18,Advanced,On the Ballot,0.0,544541.17,0.0,15427.5,0.0,12/31/2018,,,,,No,,,,,Yes
51,LEVI TILLEMANN,CO,U.S. House Colorado District 6,Representative,Regular,6/26/18,Lost,,325.0,4000.0,0.0,39201.36,4000.0,10/09/2018,,,,,Yes,,,,,No
52,BARBARA SEIDMAN,GA,U.S. House Georgia District 1,Representative,Regular,5/22/18,Lost,,7522.0,0.0,0.0,0.0,0.0,05/29/2018,,,,,,No,No,No,,
53,LISA RING,GA,U.S. House Georgia District 1,Representative,Regular,5/22/18,Advanced,On the Ballot,2025.0,9639.77,0.0,0.0,0.0,12/31/2018,,,,,Yes,Yes,No,Yes,,
54,CHALIS MONTGOMERY,GA,U.S. House Georgia District 10,Representative,Regular,5/22/18,Lost,,140.34,500.0,0.0,25.0,0.0,12/31/2018,,,,,,,,,,
55,RICHARD WINFIELD,GA,U.S. House Georgia District 10,Representative,Regular,5/22/18,Lost,,0.0,1169.65,0.0,2853.0,0.0,06/25/2018,,,,,,,,,,
56,TABITHA JOHNSON-GREEN,GA,U.S. House Georgia District 10,Representative,Regular,5/22/18,Advanced,On the Ballot,5280.0,600.39,0.0,75.0,0.0,12/31/2018,,,,,,,,,,
57,FRANCYS JOHNSON,GA,U.S. House Georgia District 12,Representative,Regular,5/22/18,Advanced,On the Ballot,20379.69,22559.91,5923.15,4235.0,0.0,12/31/2018,,,,,,,,,,
58,ROBERT INGHAM,GA,U.S. House Georgia District 12,Representative,Regular,5/22/18,Lost,,499.0,0.0,0.0,0.0,0.0,06/30/2018,,,,,,,,,,
59,STEVEN FOSTER,GA,U.S. House Georgia District 14,Representative,Regular,5/22/18,Advanced,On the Ballot,0.0,587.0,560.0,0.0,0.0,12/31/2018,,,,,,,,,,
60,BOBBY KAPLE,GA,U.S. House Georgia District 6,Representative,Regular,5/22/18,Lost,,0.0,14750.0,0.0,60177.0,0.0,12/31/2018,No,,,,,,,,,
61,KEVIN ABEL,GA,U.S. House Georgia District 6,Representative,Regular,5/22/18,Advanced,,0.0,0.0,0.0,6050.0,0.0,12/31/2018,No,,,,,,,,,
62,STEVEN GRIFFIN,GA,U.S. House Georgia District 6,Representative,Regular,5/22/18,Lost,,0.0,0.0,0.0,100.0,0.0,12/31/2018,No,,,,,,,,,
63,DAVID KIM,GA,U.S. House Georgia District 7,Representative,Regular,5/22/18,Advanced,,478388.88,500.0,0.0,600.0,0.0,12/31/2018,No,,,,No,,,,,
64,ETHAN PHAM,GA,U.S. House Georgia District 7,Representative,Regular,5/22/18,Lost,,15255.0,2250.0,0.0,15375.0,0.0,06/30/2018,No,,,,No,,,,,
65,KATHLEEN ALLEN,GA,U.S. House Georgia District 7,Representative,Regular,5/22/18,Lost,,0.0,1000.0,0.0,0.0,0.0,09/30/2018,No,,,,Yes,,,,,
66,MELISSA DAVIS,GA,U.S. House Georgia District 7,Representative,Regular,5/22/18,Lost,,0.0,0.0,0.0,0.0,0.0,12/31/2018,No,,,,No,,,,,
67,DAVE COOPER,GA,U.S. House Georgia District 9,Representative,Regular,5/22/18,Lost,,0.0,0.0,58.0,0.0,0.0,05/02/2018,,,,,No,,,Yes,,
68,COURTNEY ROWE,IA,U.S. House Iowa District 1,Representative,Regular,6/5/18,Lost,,1776.46,15.14,0.0,50.0,0.0,10/12/2018,No,No,,,,Yes,,,,
69,GEORGE RAMSEY,IA,U.S. House Iowa District 1,Representative,Regular,6/5/18,Lost,,0.0,0.0,0.0,0.0,0.0,12/31/2018,No,No,,,,,,,,
70,THOMAS HECKROTH,IA,U.S. House Iowa District 1,Representative,Regular,6/5/18,Lost,,1623.41,0.0,0.0,21899.0,0.0,09/30/2018,No,No,,,,,,,,
71,CINDY AXNE,IA,U.S. House Iowa District 3,Representative,Regular,6/5/18,Advanced,On the Ballot,7082.3,461976.96,22630.0,12707.18,1285.6,12/31/2018,Yes,,,No,No,,,,,
72,EDDIE MAURO,IA,U.S. House Iowa District 3,Representative,Regular,6/5/18,Lost,,56030.0,0.0,0.0,21950.0,0.0,12/31/2018,No,,,No,No,,,,,
73,JOHN PASCHEN,IA,U.S. House Iowa District 4,Representative,Regular,6/5/18,Lost,,2725.04,133.0,0.0,1645.0,0.0,07/31/2018,,,,,No,,,,No,
74,JAMES VANDERMAAS,ID,U.S. House Idaho District 1,Representative,Regular,5/15/18,Lost,,0.0,0.0,0.0,25.0,0.0,07/16/2018,,,,,,,,,,
75,BRENDAN KELLY,IL,U.S. House Illinois District 12,Representative,Regular,3/20/18,Advanced,On the Ballot,3515.97,594324.48,10000.0,38074.67,2100.0,12/31/2018,,Yes,,,,,,,,Yes
76,DAVID BEQUETTE,IL,U.S. House Illinois District 12,Representative,Regular,3/20/18,Lost,,3.0,0.0,0.0,250.0,0.0,06/30/2018,,No,,,,,,,,No
77,BETSY LONDRIGAN,IL,U.S. House Illinois District 13,Representative,Regular,3/20/18,Advanced,On the Ballot,15272.72,332432.21,0.0,38608.38,1000.0,12/31/2018,Yes,,,,,No,,,,
78,DAVID GILL,IL,U.S. House Illinois District 13,Representative,Regular,3/20/18,Lost,,768.65,258.34,0.0,0.0,0.0,10/23/2018,No,,,,,Yes,,,,
79,ERIK JONES,IL,U.S. House Illinois District 13,Representative,Regular,3/20/18,Lost,,4615.0,13000.0,0.0,24935.0,0.0,09/28/2018,No,,,,,No,,,,
80,GEORGE WEBER,IL,U.S. House Illinois District 14,Representative,Regular,3/20/18,Lost,,0.0,0.0,0.0,0.0,0.0,04/03/2018,No,,No,,No,,,,,
81,JIM WALZ,IL,U.S. House Illinois District 14,Representative,Regular,3/20/18,Lost,,0.0,0.0,0.0,0.0,0.0,09/30/2018,No,,No,,Yes,,,,,
82,LAUREN UNDERWOOD,IL,U.S. House Illinois District 14,Representative,Regular,3/20/18,Advanced,On the Ballot,9389.86,460237.54,6000.0,76904.72,750.0,12/31/2018,Yes,,Yes,,No,,,,,
83,VICTOR SWANSON,IL,U.S. House Illinois District 14,Representative,Regular,3/20/18,Lost,,2267.1,0.0,0.0,60.0,0.0,06/30/2018,No,,No,,No,,,,,
84,CARL SPOERER,IL,U.S. House Illinois District 15,Representative,Regular,3/20/18,Lost,,0.0,500.0,1350.0,0.0,0.0,04/05/2018,,,,,,,,,,
85,KEVIN GAITHER,IL,U.S. House Illinois District 15,Representative,Regular,3/20/18,Advanced,On the Ballot,30.0,8579.0,1000.0,500.0,0.0,12/31/2018,,,,,,,,,,
86,AMY BRIEL,IL,U.S. House Illinois District 16,Representative,Regular,3/20/18,Lost,,0.0,0.0,0.0,0.0,0.0,09/30/2018,,,,,Yes,,,,,
87,BETH VERCOLIO-OSMUND,IL,U.S. House Illinois District 16,Representative,Regular,3/20/18,Lost,,0.0,0.0,0.0,0.0,0.0,04/15/2018,,,,,No,,,,,
88,NEILL MOHAMMAD,IL,U.S. House Illinois District 16,Representative,Regular,3/20/18,Lost,,7221.2,0.0,0.0,2800.0,0.0,12/31/2018,,,,,No,,,,,
89,SARA DADY,IL,U.S. House Illinois District 16,Representative,Regular,3/20/18,Advanced,On the Ballot,2750.0,18730.0,0.0,1227.42,0.0,12/31/2018,,,,,No,,,,,
90,BRIAN DETERS,IL,U.S. House Illinois District 18,Representative,Regular,3/20/18,Lost,,816.6,200.0,0.0,100.0,0.0,12/31/2018,,,,,,,,,,
91,JUNIUS RODRIGUEZ,IL,U.S. House Illinois District 18,Representative,Regular,3/20/18,Advanced,On the Ballot,1926.01,2300.0,1360.0,0.0,0.0,12/31/2018,,,,,,,,,,
92,JESUS GARCIA,IL,U.S. House Illinois District 4,Representative,Regular,3/20/18,Advanced,On the Ballot,0.0,301115.9,5000.0,11389.33,360.0,12/31/2018,No,,,Yes,Yes,,,,,
93,RICHARD GONZALEZ,IL,U.S. House Illinois District 4,Representative,Regular,3/20/18,Lost,,0.0,0.0,0.0,0.0,0.0,06/06/2018,No,,,No,No,,,,,
94,SOL FLORES,IL,U.S. House Illinois District 4,Representative,Regular,3/20/18,Lost,,0.0,17250.0,0.0,13250.0,0.0,12/31/2018,Yes,,,No,No,,,,,
95,AMANDA HOWLAND,IL,U.S. House Illinois District 6,Representative,Regular,3/20/18,Lost,,39522.47,500.0,0.0,1500.0,0.0,07/15/2018,No,,,,,,,,,
96,BECKY WILKINS,IL,U.S. House Illinois District 6,Representative,Regular,3/20/18,Lost,,4610.04,0.0,0.0,6000.7,0.0,10/09/2018,No,,,,,,,,,
97,CAROLE CHENEY,IL,U.S. House Illinois District 6,Representative,Regular,3/20/18,Lost,,0.0,3750.0,0.0,12425.0,0.0,12/31/2018,No,,,,,,,,,
98,JENNIFER ZORDANI,IL,U.S. House Illinois District 6,Representative,Regular,3/20/18,Lost,,6.0,500.0,0.0,13801.24,0.0,12/31/2018,No,,,,,,,,,
99,KELLY MAZESKI,IL,U.S. House Illinois District 6,Representative,Regular,3/20/18,Lost,,7987.33,31222.92,0.0,31297.94,0.0,12/31/2018,Yes,,,,,,,,,
100,RYAN HUFFMAN,IL,U.S. House Illinois District 6,Representative,Regular,3/20/18,Lost,,670.49,0.0,0.0,0.0,0.0,06/20/2018,No,,,,,,,,,
101,SEAN CASTEN,IL,U.S. House Illinois District 6,Representative,Regular,3/20/18,Advanced,On the Ballot,0.0,441793.54,10000.0,53824.68,0.0,12/31/2018,No,,,,,,,,,
102,MEL HALL,IN,U.S. House Indiana District 2,Representative,Regular,5/8/18,Advanced,On the Ballot,22000.0,139725.0,2500.0,9050.7,0.0,12/31/2018,,,,,,,,,,
103,YATISH JOSHI,IN,U.S. House Indiana District 2,Representative,Regular,5/8/18,Lost,,0.0,0.0,0.0,0.0,0.0,06/30/2018,,,,,,,,,,
104,COURTNEY TRITCH,IN,U.S. House Indiana District 3,Representative,Regular,5/8/18,Advanced,On the Ballot,1034.23,19025.0,13458.62,932.46,2000.0,12/31/2018,,,,,,,,,,
105,TOBI BECK,IN,U.S. House Indiana District 4,Representative,Regular,5/8/18,Advanced,On the Ballot,11237.42,5000.0,500.0,0.0,0.0,12/31/2018,,,,,,,,,,
106,KYLE MOORE,IN,U.S. House Indiana District 5,Representative,Regular,5/8/18,Lost,,1050.0,0.0,0.0,0.0,0.0,06/30/2018,,,,,,,,,,
107,SEAN DUGDALE,IN,U.S. House Indiana District 5,Representative,Regular,5/8/18,Lost,,0.0,0.0,0.0,0.0,0.0,03/31/2018,,,,,,,,,,
108,JEANNINE LAKE,IN,U.S. House Indiana District 6,Representative,Regular,5/8/18,Advanced,On the Ballot,898.27,3415.29,370.04,2371.0,0.0,12/31/2018,,,,,,,,,,
109,WILLIAM TANOOS,IN,U.S. House Indiana District 8,Representative,Regular,5/8/18,Advanced,On the Ballot,4375.82,27075.0,8500.0,0.05,500.0,11/29/2018,,,,,,,,,,
110,LIZ WATSON,IN,U.S. House Indiana District 9,Representative,Regular,5/8/18,Advanced,On the Ballot,2286.26,306990.92,2500.0,14395.5,1600.0,12/31/2018,Yes,,Yes,,,No,Yes,,Yes,
111,ALAN LAPOLICE,KS,U.S. House Kansas District 1,Representative,Regular,8/7/18,Advanced,On the Ballot,0.0,0.0,0.0,4500.0,0.0,12/31/2018,,,,,,,,,,
112,PAUL DAVIS,KS,U.S. House Kansas District 2,Representative,Regular,8/7/18,Advanced,On the Ballot,8355.6,550232.5,5150.0,8147.53,0.0,12/31/2018,,,,,,,,,,
113,PAUL DAVIS,KS,U.S. House Kansas District 2,Representative,Regular,8/7/18,Advanced,On the Ballot,2629.8,0.0,0.0,0.0,0.0,07/17/2018,,,,,,,,,,
114,PAUL DAVIS,KS,U.S. House Kansas District 2,Representative,Regular,8/7/18,Advanced,On the Ballot,8355.6,550232.5,5150.0,8147.53,0.0,12/31/2018,,,,,,,,,,
115,PAUL DAVIS,KS,U.S. House Kansas District 2,Representative,Regular,8/7/18,Advanced,On the Ballot,2629.8,0.0,0.0,0.0,0.0,07/17/2018,,,,,,,,,,
116,PAUL DAVIS,WV,U.S. House West Virginia District 3,Representative,Regular,5/8/18,Lost,,8355.6,550232.5,5150.0,8147.53,0.0,12/31/2018,,,,,,,,,No,No
117,PAUL DAVIS,WV,U.S. House West Virginia District 3,Representative,Regular,5/8/18,Lost,,2629.8,0.0,0.0,0.0,0.0,07/17/2018,,,,,,,,,No,No
118,PAUL DAVIS,WV,U.S. House West Virginia District 3,Representative,Regular,5/8/18,Lost,,8355.6,550232.5,5150.0,8147.53,0.0,12/31/2018,,,,,,,,,No,No
119,PAUL DAVIS,WV,U.S. House West Virginia District 3,Representative,Regular,5/8/18,Lost,,2629.8,0.0,0.0,0.0,0.0,07/17/2018,,,,,,,,,No,No
120,BRENT WELDER,KS,U.S. House Kansas District 3,Representative,Regular,8/7/18,Lost,,2032.26,70122.66,0.0,59699.12,11500.0,12/31/2018,No,,,Yes,Yes,Yes,Yes,No,,
121,JAY SIDIE,KS,U.S. House Kansas District 3,Representative,Regular,8/7/18,Lost,,3100.0,0.0,0.0,6043.66,0.0,12/31/2018,No,,,No,No,No,No,No,,
122,MIKE MCCAMON,KS,U.S. House Kansas District 3,Representative,Regular,8/7/18,Lost,,1049.85,0.0,0.0,0.0,0.0,12/31/2018,No,,,No,No,No,No,No,,
123,SHARICE DAVIDS,KS,U.S. House Kansas District 3,Representative,Regular,8/7/18,Advanced,On the Ballot,0.0,431469.13,5000.0,26788.76,0.0,12/31/2018,Yes,,,No,No,No,No,Yes,,
124,SYLVIA WILLIAMS,KS,U.S. House Kansas District 3,Representative,Regular,8/7/18,Lost,,1132.32,0.0,0.0,2700.0,0.0,08/27/2018,No,,,No,No,No,No,No,,
125,TOM NIERMANN,KS,U.S. House Kansas District 3,Representative,Regular,8/7/18,Lost,,0.0,5000.0,0.0,85254.0,0.0,09/30/2018,No,,,No,No,No,No,Yes,,
126,JAMES THOMPSON,KS,U.S. House Kansas District 4,Representative,Regular,8/7/18,Advanced,On the Ballot,0.0,65302.97,3000.0,16828.5,0.0,12/31/2018,,,,Yes,Yes,Yes,,,,
127,LAURA LOMBARD,KS,U.S. House Kansas District 4,Representative,Regular,8/7/18,Lost,,1325.0,1250.0,0.0,7900.0,0.0,12/31/2018,,,,No,No,No,,,,
128,PAUL WALKER,KY,U.S. House Kentucky District 1,Representative,Regular,5/22/18,Advanced,On the Ballot,0.0,6500.0,2650.0,0.0,0.0,12/31/2018,,,,,Yes,,,Yes,,
129,GRANT SHORT,KY,U.S. House Kentucky District 2,Representative,Regular,5/22/18,Lost,,0.0,0.0,0.0,0.0,0.0,06/22/2018,,,,,Yes,,,,,
130,HANK LINDERMAN,KY,U.S. House Kentucky District 2,Representative,Regular,5/22/18,Advanced,On the Ballot,0.0,13471.95,600.0,0.0,0.0,12/31/2018,,,,,No,,,,,
131,RANE SESSIONS,KY,U.S. House Kentucky District 2,Representative,Regular,5/22/18,Lost,,2098.2,0.0,0.0,100.0,0.0,05/23/2018,,,,,No,,,,,
132,PATTI PIATT,KY,U.S. House Kentucky District 4,Representative,Regular,5/22/18,Lost,,14600.0,1200.0,0.0,0.0,0.0,05/24/2018,,,,,,,,,,
133,SETH HALL,KY,U.S. House Kentucky District 4,Representative,Regular,5/22/18,Advanced,On the Ballot,0.0,2600.0,1000.0,0.0,0.0,11/29/2018,,,,,,,,,,
134,KENNETH STEPP,KY,U.S. House Kentucky District 5,Representative,Regular,5/22/18,Advanced,On the Ballot,574.0,0.0,0.0,0.0,0.0,12/31/2018,,,,,,,,,,
135,AMY MCGRATH,KY,U.S. House Kentucky District 6,Representative,Regular,5/22/18,Advanced,On the Ballot,3572.5,390961.11,0.0,71595.8,2400.0,12/31/2018,,,,,,,,,,Yes
136,ALLISON GALBRAITH,MD,U.S. House Maryland District 1,Representative,Regular,6/26/18,Lost,,102.0,0.0,0.0,0.0,0.0,12/31/2018,,,,,No,,,,,No
137,JESSE COLVIN,MD,U.S. House Maryland District 1,Representative,Regular,6/26/18,Advanced,On the Ballot,0.0,86555.05,0.0,1500.0,0.0,12/31/2018,,,,,No,,,,,Yes
138,MICHAEL BROWN,MD,U.S. House Maryland District 1,Representative,Regular,6/26/18,Lost,,135.0,0.0,0.0,0.0,0.0,06/27/2018,,,,,No,,,,,No
139,MICHAEL PULLEN,MD,U.S. House Maryland District 1,Representative,Regular,6/26/18,Lost,,30001.47,0.0,0.0,500.0,0.0,09/30/2018,,,,,Yes,,,,,No
140,ANDREW DUCK,MD,U.S. House Maryland District 6,Representative,Regular,6/26/18,Lost,,1888.51,100.0,0.0,0.0,0.0,07/14/2018,No,,,,No,No,,,No,
141,ARUNA MILLER,MD,U.S. House Maryland District 6,Representative,Regular,6/26/18,Lost,,1500.0,61046.99,0.0,202109.38,250.0,12/31/2018,Yes,,,,No,No,,,No,
142,NADIA HASHIMI,MD,U.S. House Maryland District 6,Representative,Regular,6/26/18,Lost,,6610.0,0.0,0.0,16343.0,0.0,09/30/2018,No,,,,No,No,,,No,
143,ROGER MANNO,MD,U.S. House Maryland District 6,Representative,Regular,6/26/18,Lost,,12149.47,152244.01,0.0,18500.0,22798.0,12/31/2018,No,,,,Yes,Yes,,,Yes,
144,CRAIG OLSON,ME,U.S. House Maine District 2,Representative,Regular,6/12/18,Lost,,25.0,0.0,0.0,2950.0,0.0,12/31/2018,,,,,,,,,,No
145,JARED GOLDEN,ME,U.S. House Maine District 2,Representative,Regular,6/12/18,Advanced,On the Ballot,1000.0,409003.32,5000.0,64879.81,0.0,12/31/2018,,,,,,,,,,Yes
146,KIMBERLY BIZON,MI,U.S. House Michigan District 10,Representative,Regular,8/7/18,Advanced,On the Ballot,0.0,2205.95,1000.0,0.0,0.0,12/31/2018,,,,,,,,,,
147,MICHAEL MCCARTHY,MI,U.S. House Michigan District 10,Representative,Regular,8/7/18,Lost,,109250.25,0.0,0.0,0.0,0.0,09/04/2018,,,,,,,,,,
148,FAYROUZ SAAD,MI,U.S. House Michigan District 11,Representative,Regular,8/7/18,Lost,,7368.81,6200.0,0.0,22304.01,0.0,09/30/2018,,,,,,Yes,,,,
149,HALEY STEVENS,MI,U.S. House Michigan District 11,Representative,Regular,8/7/18,Advanced,On the Ballot,0.0,528691.88,5149.0,30435.26,4022.34,12/31/2018,,,,,,No,,,,
150,SUNEEL GUPTA,MI,U.S. House Michigan District 11,Representative,Regular,8/7/18,Lost,,5400.0,8000.0,0.0,238878.0,0.0,12/31/2018,,,,,,No,,,,
151,TIM GREIMEL,MI,U.S. House Michigan District 11,Representative,Regular,8/7/18,Lost,,0.0,187851.0,0.0,57369.0,20025.0,12/31/2018,,,,,,No,,,,
152,BRENDA JONES,MI,U.S. House Michigan District 13,Representative,Special,8/7/18,Advanced,On the Ballot,0.0,68000.0,0.0,500.0,0.0,12/31/2018,,,,,No,No,No,,,
153,BRENDA JONES,MI,U.S. House Michigan District 13,Representative,Regular,8/7/18,Lost,,0.0,68000.0,0.0,500.0,0.0,12/31/2018,,,,,No,No,No,,,
154,IAN CONYERS,MI,U.S. House Michigan District 13,Representative,Regular,8/7/18,Lost,,13047.01,21772.74,0.0,301.03,0.0,12/31/2018,,,,,No,No,No,,,
155,IAN CONYERS,MI,U.S. House Michigan District 13,Representative,Special,8/7/18,Lost,,13047.01,21772.74,0.0,301.03,0.0,12/31/2018,,,,,No,No,No,,,
156,RASHIDA TLAIB,MI,U.S. House Michigan District 13,Representative,Regular,8/7/18,Advanced,On the Ballot,0.0,139520.54,0.0,34970.0,5250.0,12/31/2018,,,,,Yes,Yes,Yes,,,
157,RASHIDA TLAIB,MI,U.S. House Michigan District 13,Representative,Special,8/7/18,Lost,,0.0,139520.54,0.0,34970.0,5250.0,12/31/2018,,,,,Yes,Yes,Yes,,,
158,DAVID BENAC,MI,U.S. House Michigan District 6,Representative,Regular,8/7/18,Lost,,6496.2,308.19,0.0,0.0,0.0,09/30/2018,,,,,Yes,Yes,,,,
159,GEORGE FRANKLIN,MI,U.S. House Michigan District 6,Representative,Regular,8/7/18,Lost,,0.0,11450.0,0.0,0.0,0.0,12/31/2018,,,,,No,No,,,,
160,MATT LONGJOHN,MI,U.S. House Michigan District 6,Representative,Regular,8/7/18,Advanced,On the Ballot,69492.51,79661.33,0.0,9055.42,0.0,12/31/2018,,,,,No,No,,,,
161,RICH EICHHOLZ,MI,U.S. House Michigan District 6,Representative,Regular,8/7/18,Lost,,28363.77,0.0,0.0,125.0,0.0,09/01/2018,,,,,No,No,,,,
162,GRETCHEN DRISKELL,MI,U.S. House Michigan District 7,Representative,Regular,8/7/18,Advanced,On the Ballot,50000.0,458029.98,5291.42,13720.7,623.64,12/31/2018,Yes,,,,No,,,,,
163,STEVEN FRIDAY,MI,U.S. House Michigan District 7,Representative,Regular,8/7/18,Lost,,23746.37,0.0,0.0,6060.0,0.0,09/17/2018,No,,,,Yes,,,,,
164,ELISSA SLOTKIN,MI,U.S. House Michigan District 8,Representative,Regular,8/7/18,Advanced,On the Ballot,0.0,621940.68,12000.0,42634.38,2272.0,12/31/2018,Yes,Yes,,,,,,,,
165,ANDY LEVIN,MI,U.S. House Michigan District 9,Representative,Regular,8/7/18,Advanced,On the Ballot,226.15,463913.32,0.0,1125.0,0.0,12/31/2018,No,,,,,,,,,
166,ELLEN LIPTON,MI,U.S. House Michigan District 9,Representative,Regular,8/7/18,Lost,,9967.97,10550.0,0.0,25536.32,0.0,10/17/2018,Yes,,,,,,,,,
167,MARTIN BROOK,MI,U.S. House Michigan District 9,Representative,Regular,8/7/18,Lost,,4507.3,0.0,0.0,0.0,0.0,09/15/2018,No,,,,,,,,,
168,CORT VANOSTRAN,MO,U.S. House Missouri District 2,Representative,Regular,8/7/18,Advanced,On the Ballot,12570.31,164560.38,5000.0,9438.58,0.0,12/31/2018,,,,,,,,,,No
169,JOHN MESSMER,MO,U.S. House Missouri District 2,Representative,Regular,8/7/18,Lost,,175.0,0.0,0.0,0.0,0.0,12/31/2018,,,,,,,,,,No
170,MARK OSMACK,MO,U.S. House Missouri District 2,Representative,Regular,8/7/18,Lost,,1524.21,7900.0,0.0,2850.0,200.0,10/10/2018,,,,,,,,,,Yes
171,KATY GEPPERT,MO,U.S. House Missouri District 3,Representative,Regular,8/7/18,Advanced,On the Ballot,2643.08,6620.0,200.0,0.0,0.0,12/31/2018,,,,,,,,,,
172,HALLIE THOMPSON,MO,U.S. House Missouri District 4,Representative,Regular,8/7/18,Lost,,957.42,2600.0,0.0,0.0,0.0,09/30/2018,,,,,,,,,,
173,HENRY MARTIN,MO,U.S. House Missouri District 6,Representative,Regular,8/7/18,Advanced,On the Ballot,67.58,690.05,100.0,0.0,0.0,12/31/2018,,,,,No,,,,,
174,JAMIE SCHOOLCRAFT,MO,U.S. House Missouri District 7,Representative,Regular,8/7/18,Advanced,On the Ballot,861.5,14073.54,1000.0,0.0,0.0,12/31/2018,,,,,,Yes,,,,
175,RANDY WADKINS,MS,U.S. House Mississippi District 1,Representative,Regular,6/5/18,Advanced,On the Ballot,660.81,0.0,1500.0,215.46,0.0,12/31/2018,,,,,,,,,,
176,JERAMEY ANDERSON,MS,U.S. House Mississippi District 4,Representative,Regular,6/5/18,Advanced,On the Ballot,0.0,15750.0,0.0,2025.0,0.0,12/31/2018,,,,,,,,Yes,,
177,DAVID BARIA,MS,U.S. Senate Mississippi,Senator,Regular,6/5/18,Advanced,On the Ballot,76.0,25700.0,6925.0,500.0,0.0,12/31/2018,,,,,,,,,,
178,HOWARD SHERMAN,MS,U.S. Senate Mississippi,Senator,Regular,6/5/18,Advanced,,0.0,500.0,0.0,3700.0,0.0,09/30/2018,,,,,,,,,,
179,JENSEN BOHREN,MS,U.S. Senate Mississippi,Senator,Regular,6/5/18,Lost,,0.0,1.0,0.0,47.0,0.0,06/30/2018,,,,,,,,,,
180,OMERIA SCOTT,MS,U.S. Senate Mississippi,Senator,Regular,6/5/18,Lost,,0.0,0.0,0.0,0.0,0.0,05/16/2018,,,,,,,,,,
181,GRANT KIER,MT,U.S. House Montana At-large District,Representative,Regular,6/5/18,Lost,,2700.0,6351.19,0.0,66943.28,0.0,09/30/2018,,,,,No,No,,,,
182,JARED PETTINATO,MT,U.S. House Montana At-large District,Representative,Regular,6/5/18,Lost,,17358.01,0.0,0.0,30.0,0.0,07/13/2018,,,,,No,No,,,,
183,JOHN HEENAN,MT,U.S. House Montana At-large District,Representative,Regular,6/5/18,Lost,,124355.28,5518.19,0.0,62248.53,0.0,11/08/2018,,,,,Yes,Yes,,,,
184,KATHLEEN WILLIAMS,MT,U.S. House Montana At-large District,Representative,Regular,6/5/18,Advanced,On the Ballot,0.0,197837.74,762.7,67947.98,4500.0,12/31/2018,,,,,No,No,,,,
185,LYNDA MOSS,MT,U.S. House Montana At-large District,Representative,Regular,6/5/18,Lost,,0.0,0.0,0.0,0.0,0.0,06/30/2018,,,,,No,No,,,,
186,DAVID BROWN,NC,U.S. House North Carolina District 10,Representative,Regular,5/8/18,Advanced,On the Ballot,478.33,3500.0,0.0,0.0,0.0,12/31/2018,,,,,,,,,,
187,PHILLIP PRICE,NC,U.S. House North Carolina District 11,Representative,Regular,5/8/18,Advanced,On the Ballot,0.0,5382.0,10361.03,100.0,0.0,12/31/2018,,,,,,,,,,
188,STEVE WOODSMALL,NC,U.S. House North Carolina District 11,Representative,Regular,5/8/18,Lost,,1442.11,0.0,0.0,0.0,0.0,12/31/2018,,,,,,,,,,
189,ADAM COKER,NC,U.S. House North Carolina District 13,Representative,Regular,5/8/18,Lost,,0.0,100.0,0.0,0.0,0.0,12/31/2018,No,,,,,,,,,
190,KATHY MANNING,NC,U.S. House North Carolina District 13,Representative,Regular,5/8/18,Advanced,On the Ballot,323550.88,390758.19,5187.33,18746.52,3000.0,12/31/2018,Yes,,,,,,,,,
191,KEN ROMLEY,NC,U.S. House North Carolina District 2,Representative,Regular,5/8/18,Lost,,5314.59,0.0,0.0,33339.17,0.0,12/31/2018,,,,,,,,,,
192,LINDA COLEMAN,NC,U.S. House North Carolina District 2,Representative,Regular,5/8/18,Advanced,On the Ballot,69.0,246524.73,3937.5,7113.43,7000.0,12/31/2018,,,,,,,,,,
193,RYAN WATTS,NC,U.S. House North Carolina District 6,Representative,Regular,5/8/18,Advanced,On the Ballot,15462.94,10600.0,41.67,600.0,0.0,12/31/2018,,,,,,,,Yes,,
194,GRAYSON PARKER,NC,U.S. House North Carolina District 7,Representative,Regular,5/8/18,Lost,,2500.0,0.0,0.0,0.0,0.0,12/31/2018,,,,,,,,,,
195,FRANK MCNEILL,NC,U.S. House North Carolina District 8,Representative,Regular,5/8/18,Advanced,On the Ballot,0.0,38115.75,0.0,4077.0,8676.96,12/21/2018,,,,,,,,,,
196,MARC TIEGEL,NC,U.S. House North Carolina District 8,Representative,Regular,5/8/18,Lost,,0.0,0.0,0.0,0.0,0.0,12/31/2018,,,,,,,,,,
197,SCOTT HUFFMAN,NC,U.S. House North Carolina District 8,Representative,Regular,5/8/18,Lost,,0.0,0.0,0.0,0.0,0.0,03/31/2018,,,,,,,,,,
198,MAC SCHNEIDER,ND,U.S. House North Dakota At-large District,Representative,Regular,6/12/18,Advanced,On the Ballot,0.0,120505.64,5000.0,2325.0,1.81,12/31/2018,,,,,,,,,,
199,DENNIS CRAWFORD,NE,U.S. House Nebraska District 1,Representative,Regular,5/15/18,Lost,,807.0,200.0,0.0,0.0,100.0,06/30/2018,,,,,,,,,No,
200,JESSICA MCCLURE,NE,U.S. House Nebraska District 1,Representative,Regular,5/15/18,Advanced,On the Ballot,1073.27,500.0,250.0,0.0,0.0,12/31/2018,,,,,,,,,No,
201,BRAD ASHFORD,NE,U.S. House Nebraska District 2,Representative,Regular,5/15/18,Lost,,0.0,170500.0,0.0,42745.0,19000.0,07/31/2018,,,,,,No,No,,No,
202,KARA EASTMAN,NE,U.S. House Nebraska District 2,Representative,Regular,5/15/18,Advanced,On the Ballot,4745.0,190070.83,500.0,9168.07,0.0,12/31/2018,,,,,,Yes,Yes,,Yes,
203,PAUL THEOBALD,NE,U.S. House Nebraska District 3,Representative,Regular,5/15/18,Advanced,On the Ballot,2755.17,250.0,993.25,0.0,0.0,12/31/2018,,,,,,,,,,
204,FRANK SVOBODA,NE,U.S. Senate Nebraska,Senator,Regular,5/15/18,Lost,,16000.0,0.0,0.0,0.0,0.0,04/15/2018,,,,,,,,,,
205,JANE RAYBOULD,NE,U.S. Senate Nebraska,Senator,Regular,5/15/18,Advanced,On the Ballot,28383.0,155466.51,0.0,22560.68,750.0,12/31/2018,,,,,,,,,,
206,LARRY MARVIN,NE,U.S. Senate Nebraska,Senator,Regular,5/15/18,Lost,,0.0,0.0,0.0,0.0,0.0,06/14/2018,,,,,,,,,,
207,MITCHELL COBERT,NJ,U.S. House New Jersey District 11,Representative,Regular,6/5/18,Lost,,1688.33,25.0,0.0,0.0,0.0,10/03/2018,No,No,,,,,,,,No
208,TAMARA HARRIS,NJ,U.S. House New Jersey District 11,Representative,Regular,6/5/18,Lost,,457130.0,15000.0,0.0,8875.0,0.0,07/31/2018,No,No,,,,,,,,No
209,GOUTAM JOIS,NJ,U.S. House New Jersey District 7,Representative,Regular,6/5/18,Lost,,2987.74,7500.0,0.0,49928.0,0.0,12/31/2018,,No,,,No,No,,,,
210,PETER JACOB,NJ,U.S. House New Jersey District 7,Representative,Regular,6/5/18,Lost,,0.0,250.0,0.0,5.0,0.0,10/15/2018,,No,,,Yes,Yes,,,,
211,TOM MALINOWSKI,NJ,U.S. House New Jersey District 7,Representative,Regular,6/5/18,Advanced,On the Ballot,0.0,402139.15,5000.0,48764.91,1000.0,12/31/2018,,Yes,,,No,No,,,,
212,DAMIAN LARA,NM,U.S. House New Mexico District 1,Representative,Regular,6/5/18,Lost,,12135.88,0.0,0.0,3262.0,0.0,09/12/2018,No,,No,,No,No,,,No,No
213,DAMON MARTINEZ,NM,U.S. House New Mexico District 1,Representative,Regular,6/5/18,Lost,,4087.59,13600.0,0.0,47412.56,0.0,12/31/2018,No,,No,,No,No,,,No,Yes
214,DEBRA HAALAND,NM,U.S. House New Mexico District 1,Representative,Regular,6/5/18,Advanced,On the Ballot,3005.0,351515.27,0.0,14960.34,100.0,12/31/2018,Yes,,Yes,,No,No,,,No,No
215,PATRICK DAVIS,NM,U.S. House New Mexico District 1,Representative,Regular,6/5/18,Lost,,0.0,3300.2,0.0,8075.12,0.0,12/31/2018,No,,No,,No,No,,,No,No
216,PAUL MOYA,NM,U.S. House New Mexico District 1,Representative,Regular,6/5/18,Lost,,25252.21,0.0,0.0,7680.0,0.0,12/31/2018,No,,No,,No,No,,,No,No
217,PATRICK FOGARTY,NV,U.S. House Nevada District 2,Representative,Regular,6/12/18,Lost,,10000.0,0.0,0.0,0.0,0.0,07/02/2018,,,,,Yes,,,,,
218,RICK SHEPHERD,NV,U.S. House Nevada District 2,Representative,Regular,6/12/18,Lost,,30000.0,0.0,0.0,0.0,0.0,12/31/2018,,,,,No,,,,,
219,VANCE ALM,NV,U.S. House Nevada District 2,Representative,Regular,6/12/18,Lost,,2500.0,0.0,0.0,0.0,0.0,03/31/2018,,,,,No,,,,,
220,GUY PINJUV,NV,U.S. House Nevada District 3,Representative,Regular,6/12/18,Lost,,0.0,1600.0,0.0,0.0,0.0,07/01/2018,No,No,,,,,,,,
221,MICHAEL WEISS,NV,U.S. House Nevada District 3,Representative,Regular,6/12/18,Lost,,2000.0,0.0,0.0,0.0,0.0,06/23/2018,No,No,,,,,,,,
222,SUSIE LEE,NV,U.S. House Nevada District 3,Representative,Regular,6/12/18,Advanced,On the Ballot,11060.08,818995.35,7691.86,38938.77,0.0,12/31/2018,Yes,Yes,,,,,,,,
223,ALLISON STEPHENS,NV,U.S. House Nevada District 4,Representative,Regular,6/12/18,Lost,,12929.88,0.0,0.0,0.0,0.0,06/30/2018,,No,,,No,No,,No,,No
224,AMY VILELA,NV,U.S. House Nevada District 4,Representative,Regular,6/12/18,Lost,,0.0,0.0,0.0,0.0,0.0,12/31/2018,,No,,,Yes,Yes,,Yes,,No
225,JOHN ANZALONE,NV,U.S. House Nevada District 4,Representative,Regular,6/12/18,Lost,,0.0,0.0,0.0,0.0,0.0,12/31/2018,,No,,,No,No,,,,
226,PATRICIA SPEARMAN,NV,U.S. House Nevada District 4,Representative,Regular,6/12/18,Lost,,200.0,43324.14,0.0,19041.0,500.0,09/30/2018,,No,,,No,No,,No,,Yes
227,STEVEN HORSFORD,NV,U.S. House Nevada District 4,Representative,Regular,6/12/18,Advanced,On the Ballot,2500.0,877796.31,0.0,11709.61,1025.64,12/31/2018,,Yes,,,No,No,,,,
228,JACKY ROSEN,NV,U.S. Senate Nevada,Senator,Regular,6/12/18,Advanced,On the Ballot,0.0,1271587.99,48296.95,437310.08,530.0,12/31/2018,Yes,Yes,,,No,,,,,
229,JESSE SBAIH,NV,U.S. Senate Nevada,Senator,Regular,6/12/18,Lost,,0.0,0.0,0.0,13142.0,0.0,12/31/2018,No,No,,,Yes,,,,,
230,DAVID PECHEFSKY,NY,U.S. House New York District 1,Representative,Regular,6/26/18,Lost,,14000.0,3250.0,0.0,2700.0,0.0,12/31/2018,,,,,,,,,,
231,ELAINE DIMASI,NY,U.S. House New York District 1,Representative,Regular,6/26/18,Lost,,4.0,0.0,0.0,0.0,0.0,06/30/2018,,,,,,,,,,
232,KATE BROWNING,NY,U.S. House New York District 1,Representative,Regular,6/26/18,Lost,,0.0,73546.29,0.0,43013.31,5000.0,12/31/2018,,,,,,,,,,
233,PERRY GERSHON,NY,U.S. House New York District 1,Representative,Regular,6/26/18,Advanced,On the Ballot,580996.63,171942.62,0.0,23717.19,1300.0,12/31/2018,,,,,,,,,,
234,VIVIAN VILORIA-FISHER,NY,U.S. House New York District 1,Representative,Regular,6/26/18,Lost,,10891.3,1500.0,0.0,412.04,0.0,07/31/2018,,,,,,,,,,
235,MAX ROSE,NY,U.S. House New York District 11,Representative,Regular,6/26/18,Advanced,On the Ballot,537.6,303844.72,4806.9,20115.67,5200.0,12/31/2018,,,,,,,,,Yes,Yes
236,OMAR VAID,NY,U.S. House New York District 11,Representative,Regular,6/26/18,Lost,,0.0,1250.0,0.0,1036.36,0.0,12/31/2018,,,,,,,,,No,No
237,RADHAKRISHNA MOHAN,NY,U.S. House New York District 11,Representative,Regular,6/26/18,Lost,,0.0,0.0,0.0,0.0,0.0,12/31/2018,,,,,,,,,No,No
238,ZACH EMIG,NY,U.S. House New York District 11,Representative,Regular,6/26/18,Lost,,29095.01,0.0,0.0,0.0,0.0,06/30/2018,,,,,,,,,No,No
239,ANTONIO DELGADO,NY,U.S. House New York District 19,Representative,Regular,6/26/18,Advanced,On the Ballot,0.0,466936.19,6175.0,90824.72,0.0,12/31/2018,No,,,,,No,,No,,No
240,BRIAN FLYNN,NY,U.S. House New York District 19,Representative,Regular,6/26/18,Lost,,35400.0,5000.0,1175.0,188037.04,0.0,12/31/2018,No,,,,,No,,No,,No
241,ERIN COLLIER,NY,U.S. House New York District 19,Representative,Regular,6/26/18,Lost,,1402.37,10750.0,0.0,3250.0,0.0,09/30/2018,Yes,,,,,No,,No,,No
242,GARETH RHODES,NY,U.S. House New York District 19,Representative,Regular,6/26/18,Lost,,610.62,15098.21,0.0,138651.62,0.0,12/31/2018,No,,,,,No,,Yes,,No
243,DYLAN RATIGAN,NY,U.S. House New York District 21,Representative,Regular,6/26/18,Lost,,158.53,7800.0,0.0,32453.0,300.0,07/12/2018,,,,,No,No,,No,No,
244,EMILY MARTZ,NY,U.S. House New York District 21,Representative,Regular,6/26/18,Lost,,13280.63,250.0,0.0,6594.0,0.0,12/31/2018,,,,,No,No,,No,No,
245,KATIE WILSON,NY,U.S. House New York District 21,Representative,Regular,6/26/18,Lost,,193.66,50.0,0.0,870.77,0.0,12/31/2018,,,,,No,No,,No,Yes,
246,PATRICK NELSON,NY,U.S. House New York District 21,Representative,Regular,6/26/18,Lost,,518.8,329.76,50.0,521.0,0.0,12/31/2018,,,,,Yes,Yes,,No,No,
247,TEDRA COBB,NY,U.S. House New York District 21,Representative,Regular,6/26/18,Advanced,On the Ballot,3990.37,98247.33,0.0,5882.54,0.0,12/31/2018,,,,,Yes,No,,Yes,No,
248,ANTHONY BRINDISI,NY,U.S. House New York District 22,Representative,Regular,6/26/18,Advanced,On the Ballot,0.0,777632.35,10000.0,25839.01,2583.01,12/31/2018,,,,,,,,,Yes,
249,IAN GOLDEN,NY,U.S. House New York District 23,Representative,Regular,6/26/18,Lost,,3702.47,252.39,0.0,2780.0,0.0,12/31/2018,,,,,Yes,Yes,,,No,
250,LINDA ANDREI,NY,U.S. House New York District 23,Representative,Regular,6/26/18,Lost,,10.0,1100.0,0.0,13120.0,0.0,09/30/2018,,,,,No,No,,,No,
251,TRACY MITRANO,NY,U.S. House New York District 23,Representative,Regular,6/26/18,Advanced,On the Ballot,0.0,43105.04,0.0,6557.69,0.0,12/31/2018,,,,,No,No,,,Yes,
252,DANA BALTER,NY,U.S. House New York District 24,Representative,Regular,6/26/18,Advanced,On the Ballot,0.0,213920.92,0.0,21016.69,400.0,12/31/2018,No,,,,Yes,No,Yes,Yes,Yes,No
253,JOSEPH MORELLE,NY,U.S. House New York District 25,Representative,Regular,6/26/18,Advanced,On the Ballot,0.0,863575.0,0.0,4605.84,5000.0,12/31/2018,,,,,No,,,,Yes,
254,RACHEL BARNHART,NY,U.S. House New York District 25,Representative,Regular,6/26/18,Lost,,5.0,1000.0,0.0,0.0,0.0,09/30/2018,,,,,No,,,,No,
255,ROBIN WILT,NY,U.S. House New York District 25,Representative,Regular,6/26/18,Lost,,33990.38,0.0,0.0,0.0,0.0,12/31/2018,,,,,Yes,,,,No,
256,AFTAB PUREVAL,OH,U.S. House Ohio District 1,Representative,Regular,5/8/18,Advanced,On the Ballot,2700.0,411861.56,5000.0,33808.57,0.0,12/31/2018,,,,,,,,,,
257,MICHAEL MILISITS,OH,U.S. House Ohio District 10,Representative,Regular,5/8/18,Lost,,322.89,4070.0,0.0,0.0,0.0,06/20/2018,,,,,,,,,,
258,THERESA GASPER,OH,U.S. House Ohio District 10,Representative,Regular,5/8/18,Advanced,On the Ballot,0.0,73900.0,0.0,2132.76,0.0,12/31/2018,,,,,,,,,,
259,ED ALBERTSON,OH,U.S. House Ohio District 12,Representative,Regular,5/8/18,Lost,,2425.95,0.0,0.0,0.0,0.0,12/31/2018,,,,,,No,,No,,
260,ED ALBERTSON,OH,U.S. House Ohio District 12,Representative,Special,5/8/18,Lost,,2425.95,0.0,0.0,0.0,0.0,12/31/2018,,,,,,No,,No,,
261,JACKIE PATTON,OH,U.S. House Ohio District 12,Representative,Regular,5/8/18,Lost,,581.37,0.0,0.0,0.0,0.0,12/31/2018,,,,,,No,,No,,
262,JACKIE PATTON,OH,U.S. House Ohio District 12,Representative,Special,5/8/18,Lost,,581.37,0.0,0.0,0.0,0.0,12/31/2018,,,,,,No,,No,,
263,JOHN RUSSELL,OH,U.S. House Ohio District 12,Representative,Special,5/8/18,Lost,,21750.0,0.0,0.0,11750.0,0.0,12/31/2018,,,,,,Yes,,No,,
264,JOHN RUSSELL,OH,U.S. House Ohio District 12,Representative,Regular,5/8/18,Lost,,21750.0,0.0,0.0,11750.0,0.0,12/31/2018,,,,,,Yes,,No,,
265,ZACH SCOTT,OH,U.S. House Ohio District 12,Representative,Regular,5/8/18,Lost,,0.0,3100.0,0.0,0.0,0.0,11/06/2018,,,,,,No,,No,,
266,ZACH SCOTT,OH,U.S. House Ohio District 12,Representative,Special,5/8/18,Lost,,0.0,3100.0,0.0,0.0,0.0,11/06/2018,,,,,,No,,No,,
267,RICK NEAL,OH,U.S. House Ohio District 15,Representative,Regular,5/8/18,Advanced,On the Ballot,29140.83,72620.53,200.0,8176.29,0.0,12/31/2018,,,,,,,,,,
268,AARON GODFREY,OH,U.S. House Ohio District 16,Representative,Regular,5/8/18,Lost,,0.0,500.0,0.0,16.0,0.0,12/31/2018,,,,,Yes,,,,,
269,GRANT GOODRICH,OH,U.S. House Ohio District 16,Representative,Regular,5/8/18,Lost,,115.0,3250.0,0.0,36000.0,0.0,08/06/2018,,,,,No,,,,,
270,SUSAN PALMER,OH,U.S. House Ohio District 16,Representative,Regular,5/8/18,Advanced,On the Ballot,9866.86,14705.05,0.0,467.66,0.0,12/06/2018,,,,,No,,,,,
271,JANET EVERHARD,OH,U.S. House Ohio District 2,Representative,Regular,5/8/18,Lost,,28072.38,500.0,0.0,0.0,0.0,09/30/2018,,,,,,,,,,
272,JILL SCHILLER,OH,U.S. House Ohio District 2,Representative,Regular,5/8/18,Advanced,On the Ballot,1238.68,33700.0,0.0,127.28,0.0,12/31/2018,,,,,,,,,,
273,JANET GARRETT,OH,U.S. House Ohio District 4,Representative,Regular,5/8/18,Advanced,On the Ballot,0.0,22025.0,1400.0,1055.0,1000.0,12/31/2018,,,,,,,,,,
274,JOHN GALBRAITH,OH,U.S. House Ohio District 5,Representative,Regular,5/8/18,Advanced,On the Ballot,0.0,6465.0,2625.0,0.0,0.0,11/26/2018,,,,,,,,,,
275,SHAWNA ROBERTS,OH,U.S. House Ohio District 6,Representative,Regular,5/8/18,Advanced,On the Ballot,0.0,300.0,1050.0,0.0,0.0,12/31/2018,,,,,,,,Yes,,
276,WERNER LANGE,OH,U.S. House Ohio District 6,Representative,Regular,5/8/18,Lost,,700.0,0.0,0.0,0.0,0.0,05/19/2018,,,,,,,,No,,
277,PATRICK PIKUS,OH,U.S. House Ohio District 7,Representative,Regular,5/8/18,Lost,,0.0,0.0,0.0,0.0,0.0,12/31/2018,,,,,,,,,,No
278,MATTHEW GUYETTE,OH,U.S. House Ohio District 8,Representative,Regular,5/8/18,Lost,,1549.0,0.0,200.0,0.0,0.0,09/30/2018,,,,,,,,,,
279,VANESSA ENOCH,OH,U.S. House Ohio District 8,Representative,Regular,5/8/18,Advanced,On the Ballot,0.0,1710.67,1550.0,1000.0,0.0,12/31/2018,,,,,,,,,,
280,AMANDA DOUGLAS,OK,U.S. House Oklahoma District 1,Representative,Regular,6/26/18,Advanced,,130.58,0.0,0.0,0.0,0.0,12/31/2018,,,,,,,,,,
281,TIM GILPIN,OK,U.S. House Oklahoma District 1,Representative,Regular,6/26/18,Advanced,,0.0,9305.77,0.0,0.0,0.0,12/31/2018,,,,,,,,,,
282,ELIJAH MCINTOSH,OK,U.S. House Oklahoma District 2,Representative,Regular,6/26/18,Lost,,0.0,0.0,100.0,0.0,0.0,12/31/2018,,,,,,,,,,
283,JASON NICHOLS,OK,U.S. House Oklahoma District 2,Representative,Regular,6/26/18,Advanced,,3175.57,4350.0,8435.0,0.0,0.0,12/31/2018,,,,,,,,,,
284,FRED GIPSON,OK,U.S. House Oklahoma District 4,Representative,Regular,6/26/18,Advanced,,649.5,0.0,0.0,0.0,0.0,08/08/2018,,,,,,,,,,
285,MARY BRANNON,OK,U.S. House Oklahoma District 4,Representative,Regular,6/26/18,Advanced,,1716.46,0.0,8303.87,0.0,0.0,01/31/2019,,,,,,,,,,
286,KENDRA HORN,OK,U.S. House Oklahoma District 5,Representative,Regular,6/26/18,Advanced,,0.0,104557.51,1200.0,0.0,0.0,12/31/2018,,,,,,,,,,
287,ERIC BURNETTE,OR,U.S. House Oregon District 2,Representative,Regular,5/15/18,Lost,,0.0,10000.0,0.0,100.0,0.0,07/30/2018,,,,,Yes,,,,Yes,
288,JAMIE MCLEOD-SKINNER,OR,U.S. House Oregon District 2,Representative,Regular,5/15/18,Advanced,On the Ballot,0.0,35493.0,2500.0,2027.3,1500.0,12/31/2018,,,,,,,,Yes,,
289,JENNIFER NEAHRING,OR,U.S. House Oregon District 2,Representative,Regular,5/15/18,Lost,,0.0,1000.0,0.0,0.0,0.0,09/26/2018,,,,,,,,,,
290,RAZ MASON,OR,U.S. House Oregon District 2,Representative,Regular,5/15/18,Lost,,0.0,0.0,0.0,0.0,0.0,09/30/2018,,,,,,,,,,
291,RACHEL REDDICK,PA,U.S. House Pennsylvania District 1,Representative,Regular,5/15/18,Lost,,2250.0,32950.0,0.0,28095.0,0.0,12/12/2018,Yes,,,,,,,,,Yes
292,STEVE BACHER,PA,U.S. House Pennsylvania District 1,Representative,Regular,5/15/18,Lost,,2600.0,0.0,0.0,0.0,0.0,06/30/2018,,,,,,,,,,
293,GEORGE SCOTT,PA,U.S. House Pennsylvania District 10,Representative,Regular,5/15/18,Advanced,On the Ballot,1225.0,271193.08,4884.23,796.25,1000.0,12/31/2018,,,,,,,,,,
294,SHAVONNIA CORBIN-JOHNSON,PA,U.S. House Pennsylvania District 10,Representative,Regular,5/15/18,Lost,,0.0,6000.0,0.0,7755.55,0.0,12/31/2018,Yes,,,,,,,,,
295,MARC FRIEDENBERG,PA,U.S. House Pennsylvania District 12,Representative,Regular,5/15/18,Advanced,On the Ballot,427.5,2945.29,0.0,0.0,0.0,12/31/2018,,,,,,,,,,
296,BRENT OTTAWAY,PA,U.S. House Pennsylvania District 13,Representative,Regular,5/15/18,Advanced,On the Ballot,3200.0,1750.0,3101.61,0.0,0.0,12/31/2018,,,,,,,,,,
297,BIBIANA BOERIO,PA,U.S. House Pennsylvania District 14,Representative,Regular,5/15/18,Advanced,On the Ballot,188820.98,29750.0,3000.0,3225.02,0.0,12/31/2018,,,,,,,,,,
298,ROBERT SOLOMON,PA,U.S. House Pennsylvania District 14,Representative,Regular,5/15/18,Lost,,0.0,0.0,0.0,0.0,0.0,09/30/2018,,,,,,,,,,
299,SUSAN BOSER,PA,U.S. House Pennsylvania District 15,Representative,Regular,5/15/18,Advanced,On the Ballot,3518.09,5103.93,1941.46,0.0,0.0,12/31/2018,,,,,,,,,,
300,CHRIS RIEGER,PA,U.S. House Pennsylvania District 16,Representative,Regular,5/15/18,Lost,,0.0,5000.0,0.0,0.0,0.0,12/31/2018,,,,,,,,,,
301,ROBERT MULTARI,PA,U.S. House Pennsylvania District 16,Representative,Regular,5/15/18,Lost,,0.0,0.0,0.0,0.0,0.0,07/30/2018,,,,,,,,,,
302,MADELEINE DEAN,PA,U.S. House Pennsylvania District 4,Representative,Regular,5/15/18,Advanced,On the Ballot,3428.78,487949.56,0.0,283.17,100.0,12/31/2018,Yes,,,,,,,,,
303,SHIRA GOODMAN,PA,U.S. House Pennsylvania District 4,Representative,Regular,5/15/18,Lost,,16558.46,2150.0,0.0,5950.0,0.0,07/01/2018,,,,,,,,,,
304,ASHLEY LUNKENHEIMER,PA,U.S. House Pennsylvania District 5,Representative,Regular,5/15/18,Lost,,47555.92,5572.05,0.0,43101.0,0.0,09/30/2018,,,,,,,,,,
305,LARRY ARATA,PA,U.S. House Pennsylvania District 5,Representative,Regular,5/15/18,Lost,,400.0,0.0,0.0,0.0,0.0,12/31/2018,,,,,,,,,,
306,LINDY LI,PA,U.S. House Pennsylvania District 5,Representative,Regular,5/15/18,Lost,,0.0,0.0,0.0,0.0,0.0,12/31/2018,,,,,,,,,,
307,MARGO DAVIDSON,PA,U.S. House Pennsylvania District 5,Representative,Regular,5/15/18,Lost,,522.3,1500.0,0.0,2100.0,0.0,06/18/2018,,,,,,,,,,
308,MARY SCANLON,PA,U.S. House Pennsylvania District 5,Representative,Regular,5/15/18,Advanced,On the Ballot,50000.0,327398.45,0.0,1419.67,0.0,12/31/2018,,,,,,,,,,
309,MOLLY SHEEHAN,PA,U.S. House Pennsylvania District 5,Representative,Regular,5/15/18,Lost,,552.4,0.0,0.0,25.0,0.0,10/14/2018,,,,,Yes,,,,,
310,THADDEUS KIRKLAND,PA,U.S. House Pennsylvania District 5,Representative,Regular,5/15/18,Lost,,800.0,2000.0,0.0,0.0,0.0,12/31/2018,,,,,,,,,,
311,THERESA WRIGHT,PA,U.S. House Pennsylvania District 5,Representative,Regular,5/15/18,Lost,,250.0,0.0,0.0,0.0,0.0,05/26/2018,,,,,,,,,,
312,THERESA WRIGHT,PA,U.S. House Pennsylvania District 5,Representative,Regular,5/15/18,Lost,,250.0,0.0,0.0,0.0,0.0,05/26/2018,,,,,,,,,,
313,GREG EDWARDS,PA,U.S. House Pennsylvania District 7,Representative,Regular,5/15/18,Lost,,2000.0,13669.71,0.0,4078.88,0.0,12/31/2018,,,,Yes,,Yes,Yes,,Yes,
314,JOHN MORGANELLI,PA,U.S. House Pennsylvania District 7,Representative,Regular,5/15/18,Lost,,0.0,27700.0,0.0,0.0,0.0,06/30/2018,,,,,,,,,,
315,ROGER RUGGLES,PA,U.S. House Pennsylvania District 7,Representative,Regular,5/15/18,Lost,,806.0,0.0,0.0,0.0,0.0,06/30/2018,,,,,,,,,,
316,SUSAN WILD,PA,U.S. House Pennsylvania District 7,Representative,Regular,5/15/18,Advanced,On the Ballot,297.51,535757.82,7506.15,15841.41,250.0,12/31/2018,Yes,,,,,,,,,
317,DENNY WOLFF,PA,U.S. House Pennsylvania District 9,Representative,Regular,5/15/18,Advanced,On the Ballot,23071.19,112622.19,0.0,250.0,0.0,12/31/2018,,,,,,,,,,
318,GARY WEGMAN,PA,U.S. House Pennsylvania District 9,Representative,Regular,5/15/18,Lost,,24000.0,0.0,2500.0,0.0,0.0,12/31/2018,,,,,,,,,,
319,LAURA QUICK,PA,U.S. House Pennsylvania District 9,Representative,Regular,5/15/18,Lost,,1300.0,6740.0,0.0,0.0,0.0,12/31/2018,,,,,,,,,,
320,TOBY SMITH,SC,U.S. House South Carolina District 1,Representative,Regular,6/12/18,Lost,,1136.0,0.0,0.0,0.0,0.0,07/15/2018,,,,,,,,,,
321,ANNABELLE ROBERTSON,SC,U.S. House South Carolina District 2,Representative,Regular,6/12/18,Advanced,,0.0,0.0,0.0,100.0,0.0,12/31/2018,,,,,Yes,,,,,
322,SEAN CARRIGAN,SC,U.S. House South Carolina District 2,Representative,Regular,6/12/18,Advanced,On the Ballot,0.0,5747.08,0.0,0.0,0.0,12/31/2018,,,,,,,,,,
323,HOSEA CLEVELAND,SC,U.S. House South Carolina District 3,Representative,Regular,6/12/18,Lost,,10847.0,0.0,450.0,0.0,0.0,12/31/2018,,,,,,,,,,
324,MARY GEREN,SC,U.S. House South Carolina District 3,Representative,Regular,6/12/18,Advanced,On the Ballot,0.0,30814.25,500.0,0.0,0.0,12/31/2018,,,,,Yes,,,,,
325,BRANDON BROWN,SC,U.S. House South Carolina District 4,Representative,Regular,6/12/18,Advanced,On the Ballot,2500.0,11238.07,375.0,0.0,0.0,11/26/2018,,,,,,,,,,
326,ERIC GRABEN,SC,U.S. House South Carolina District 4,Representative,Regular,6/12/18,Lost,,2700.0,0.0,0.0,0.0,0.0,06/30/2018,,,,,,,,,,
327,ARCHIE PARNELL,SC,U.S. House South Carolina District 5,Representative,Regular,6/12/18,Advanced,On the Ballot,200000.0,83387.5,0.0,27733.5,5000.0,12/31/2018,,,,,,,,,,
328,MARK ALI,SC,U.S. House South Carolina District 5,Representative,Regular,6/12/18,Lost,,20.0,0.0,0.0,0.0,0.0,05/31/2018,,,,,,,,,,
329,BRUCE FISCHER,SC,U.S. House South Carolina District 7,Representative,Regular,6/12/18,Lost,,1118.02,0.0,0.0,0.0,0.0,06/30/2018,,,,,No,,,,,
330,MAL HYMAN,SC,U.S. House South Carolina District 7,Representative,Regular,6/12/18,Advanced,,0.0,0.0,0.0,0.0,0.0,10/14/2018,,,,,Yes,,,,,
331,ROBERT WILLIAMS,SC,U.S. House South Carolina District 7,Representative,Regular,6/12/18,Advanced,On the Ballot,125.0,500.0,24.95,0.0,0.0,12/31/2018,,,,,No,,,,,
332,TIMOTHY BJORKMAN,SD,U.S. House South Dakota At-large District,Representative,Regular,6/5/18,Advanced,On the Ballot,83427.04,17997.55,250.0,800.0,0.0,12/31/2018,,,,,,,,,,
333,JOSHUA WILLIAMS,TN,U.S. House Tennessee District 2,Representative,Regular,8/2/18,Lost,,1238.99,0.0,0.0,5000.0,0.0,09/30/2018,,,,,No,,,No,,
334,RENEE HOYOS,TN,U.S. House Tennessee District 2,Representative,Regular,8/2/18,Advanced,On the Ballot,6334.61,989.78,0.0,0.0,689.78,12/31/2018,,,,,Yes,,,Yes,,
335,DANIELLE MITCHELL,TN,U.S. House Tennessee District 3,Representative,Regular,8/2/18,Advanced,On the Ballot,11046.77,10200.0,900.0,25.0,0.0,12/31/2018,,,,,,,,Yes,,
336,CHRISTOPHER HALE,TN,U.S. House Tennessee District 4,Representative,Regular,8/2/18,Lost,,21835.79,0.0,0.0,0.0,0.0,12/31/2018,,,,,,,,No,,
337,MARIAH PHILLIPS,TN,U.S. House Tennessee District 4,Representative,Regular,8/2/18,Advanced,On the Ballot,14669.67,26699.85,0.0,1902.98,1.81,12/31/2018,,,,,,,,Yes,,
338,STEVEN REYNOLDS,TN,U.S. House Tennessee District 4,Representative,Regular,8/2/18,Lost,,0.0,0.0,0.0,0.0,0.0,07/13/2018,,,,,,,,No,,
339,DAWN BARLOW,TN,U.S. House Tennessee District 6,Representative,Regular,8/2/18,Advanced,On the Ballot,6200.0,1142.95,17186.88,0.0,0.0,12/31/2018,,,,,,,,No,,
340,MERRILEE WINEINGER,TN,U.S. House Tennessee District 6,Representative,Regular,8/2/18,Lost,,24943.71,0.0,0.0,1325.0,0.0,08/23/2018,,,,,,,,Yes,,
341,PETER HEFFERNAN,TN,U.S. House Tennessee District 6,Representative,Regular,8/2/18,Lost,,1849.63,0.0,0.0,1000.0,0.0,12/31/2018,,,,,,,,No,,
342,JUSTIN KANEW,TN,U.S. House Tennessee District 7,Representative,Regular,8/2/18,Advanced,On the Ballot,3400.0,0.0,0.0,60.43,0.0,12/31/2018,,,,,,,,Yes,,
343,MATT REEL,TN,U.S. House Tennessee District 7,Representative,Regular,8/2/18,Lost,,2700.0,9500.0,0.0,15800.0,0.0,12/31/2018,,,,,,,,No,,
344,BRENT BEAL,TX,U.S. House Texas District 1,Representative,Regular,3/6/18,Lost,,1388.14,0.0,4000.0,2000.0,0.0,12/31/2018,,,,,Yes,,,,,
345,SHIRLEY MCKELLAR,TX,U.S. House Texas District 1,Representative,Regular,3/6/18,Advanced,On the Ballot,200.0,0.0,1450.0,0.0,0.0,12/31/2018,,,,,No,,,,,
346,KEVIN NELSON,TX,U.S. House Texas District 10,Representative,Regular,3/6/18,Lost,,4219.21,0.0,0.0,0.0,0.0,12/31/2018,,,,,,,,,,
347,MADELINE EDEN,TX,U.S. House Texas District 10,Representative,Regular,3/6/18,Lost,,25.0,0.0,0.0,0.0,0.0,02/14/2018,,,,,,,,,,
348,MATT HARRIS,TX,U.S. House Texas District 10,Representative,Regular,3/6/18,Lost,,0.0,0.0,0.0,0.0,0.0,02/14/2018,,,,,,,,,,
349,TAMI WALKER,TX,U.S. House Texas District 10,Representative,Regular,3/6/18,Lost,,8496.12,150.0,4000.0,0.0,0.0,03/30/2018,,,,,,,,,,
350,VANESSA ADIA,TX,U.S. House Texas District 12,Representative,Regular,3/6/18,Advanced,On the Ballot,1050.0,8107.32,0.0,555.05,0.0,12/31/2018,,,,,,Yes,,,,
351,ADRIENNE BELL,TX,U.S. House Texas District 14,Representative,Regular,3/6/18,Advanced,On the Ballot,0.0,19428.38,4000.0,1543.1,0.0,12/31/2018,,,,,Yes,Yes,,,,
352,DORI FENENBOCK,TX,U.S. House Texas District 16,Representative,Regular,3/6/18,Lost,,0.0,8850.0,4000.0,123800.0,1500.0,11/05/2018,No,,,,No,,No,,,
353,ENRIQUE GARCIA,TX,U.S. House Texas District 16,Representative,Regular,3/6/18,Lost,,0.0,0.0,0.0,0.0,0.0,04/30/2018,No,,,,No,,No,,,
354,JEROME TILGHMAN,TX,U.S. House Texas District 16,Representative,Regular,3/6/18,Lost,,26526.0,0.0,0.0,0.0,0.0,03/31/2018,No,,,,No,,No,,,
355,JOHN CARRILLO,TX,U.S. House Texas District 16,Representative,Regular,3/6/18,Lost,,0.0,0.0,0.0,0.0,0.0,09/30/2017,No,,,,No,,No,,,
356,NORMA CHAVEZ,TX,U.S. House Texas District 16,Representative,Regular,3/6/18,Lost,,0.0,0.0,0.0,0.0,0.0,12/31/2018,No,,,,No,,No,,,
357,VERONICA ESCOBAR,TX,U.S. House Texas District 16,Representative,Regular,3/6/18,Advanced,On the Ballot,0.0,421840.11,4000.0,17615.09,0.0,12/31/2018,Yes,,,,Yes,,Yes,,,
358,DALE MANTEY,TX,U.S. House Texas District 17,Representative,Regular,3/6/18,Lost,,4000.0,0.0,0.0,0.0,0.0,03/31/2018,,,,,Yes,,,,,
359,MIGUEL LEVARIO,TX,U.S. House Texas District 19,Representative,Regular,3/6/18,Advanced,On the Ballot,0.0,3482.83,1673.83,0.0,0.0,12/31/2018,,,,,,,,,,
360,ALI KHORASANI,TX,U.S. House Texas District 2,Representative,Regular,3/6/18,Lost,,2528.64,0.0,4216.5,0.0,0.0,02/14/2018,,,,,Yes,No,,,,
361,SILKY MALIK,TX,U.S. House Texas District 2,Representative,Regular,3/6/18,Lost,,11113.18,0.0,4000.0,0.0,0.0,03/31/2018,,,,,No,No,,,,
362,TODD LITTON,TX,U.S. House Texas District 2,Representative,Regular,3/6/18,Advanced,On the Ballot,7787.09,87907.39,4000.0,20067.96,0.0,12/31/2018,,,,,No,No,,,,
363,DERRICK CROWE,TX,U.S. House Texas District 21,Representative,Regular,3/6/18,Lost,,1955.0,2724.67,4000.0,1861.0,0.0,10/19/2018,,,,,Yes,Yes,,,,No
364,ELLIOTT MCFADDEN,TX,U.S. House Texas District 21,Representative,Regular,3/6/18,Lost,,0.0,750.0,0.0,21.0,0.0,03/31/2018,,,,,No,No,,,,No
365,JOSEPH KOPSER,TX,U.S. House Texas District 21,Representative,Regular,3/6/18,Advanced,On the Ballot,7177.5,185086.48,4000.0,68964.5,3200.0,12/31/2018,,,,,No,No,,,,Yes
366,MARY WILSON,TX,U.S. House Texas District 21,Representative,Regular,3/6/18,Advanced,,6204.07,1120.02,0.0,100.0,0.0,12/31/2018,,,,,No,Yes,,,,No
367,LETITIA PLUMMER,TX,U.S. House Texas District 22,Representative,Regular,3/6/18,Advanced,,2943.56,8582.0,4000.0,572.16,0.0,12/31/2018,,,,,No,Yes,,,,
368,MARGARITA JOHNSON,TX,U.S. House Texas District 22,Representative,Regular,3/6/18,Lost,,400.0,0.0,0.0,0.0,0.0,03/06/2018,,,,,No,No,,,,
369,MARK GIBSON,TX,U.S. House Texas District 22,Representative,Regular,3/6/18,Lost,,0.0,0.0,1525.79,0.0,0.0,12/31/2018,,,,,No,No,,,,
370,SRI KULKARNI,TX,U.S. House Texas District 22,Representative,Regular,3/6/18,Advanced,On the Ballot,14824.9,105502.0,1000.0,12549.99,1000.0,12/31/2018,,,,,No,No,,,,
371,ANGELA VILLESCAZ,TX,U.S. House Texas District 23,Representative,Regular,3/6/18,Lost,,0.0,0.0,0.0,0.0,0.0,02/14/2018,No,,,,No,No,,,,No
372,GINA JONES,TX,U.S. House Texas District 23,Representative,Regular,3/6/18,Advanced,On the Ballot,200.0,482859.34,4000.0,21549.9,5000.0,12/31/2018,Yes,,,,No,No,,,,Yes
373,JAY HULINGS,TX,U.S. House Texas District 23,Representative,Regular,3/6/18,Lost,,14773.97,102800.0,0.0,37748.67,12300.0,12/31/2018,No,,,,No,No,,,,No
374,JAN MCDOWELL,TX,U.S. House Texas District 24,Representative,Regular,3/6/18,Advanced,On the Ballot,0.0,0.0,5000.0,0.0,0.0,12/31/2018,,,,,,,,,,
375,JOHN BIGGAN,TX,U.S. House Texas District 24,Representative,Regular,3/6/18,Lost,,12736.64,0.0,4000.0,0.0,0.0,06/30/2018,,,,,,,,,,
376,CHETAN PANDA,TX,U.S. House Texas District 25,Representative,Regular,3/6/18,Lost,,0.0,0.0,0.0,0.0,0.0,07/18/2018,,,,,No,,,No,,
377,JULIE OLIVER,TX,U.S. House Texas District 25,Representative,Regular,3/6/18,Advanced,On the Ballot,3799.49,700.0,4000.0,500.0,0.0,12/31/2018,,,,,No,,,No,,
378,KATHI THOMAS,TX,U.S. House Texas District 25,Representative,Regular,3/6/18,Lost,,0.0,0.0,4000.0,0.0,0.0,07/10/2018,,,,,No,,,No,,
379,LINSEY FAGAN,TX,U.S. House Texas District 26,Representative,Regular,3/6/18,Advanced,On the Ballot,1173.18,0.0,4000.0,0.0,0.0,12/31/2018,,,,,Yes,Yes,,,,
380,ERIC HOLGUIN,TX,U.S. House Texas District 27,Representative,Regular,3/6/18,Advanced,On the Ballot,0.0,16950.0,5650.0,0.0,0.0,12/31/2018,,,,,Yes,,,,,
381,RAUL BARRERA,TX,U.S. House Texas District 27,Representative,Regular,3/6/18,Advanced,,0.0,0.0,2000.0,0.0,0.0,08/21/2018,,,,,No,,,,,
382,RONNIE MCDONALD,TX,U.S. House Texas District 27,Representative,Regular,3/6/18,Lost,,0.0,0.0,0.0,0.0,0.0,07/15/2018,,,,,,,,,,
383,AUGUSTINE REYES,TX,U.S. House Texas District 29,Representative,Regular,3/6/18,Lost,,0.0,0.0,0.0,1800.0,0.0,03/31/2018,No,,,,No,,,,,
384,HECTOR MORALES,TX,U.S. House Texas District 29,Representative,Regular,3/6/18,Lost,,105.0,0.0,0.0,0.0,0.0,12/31/2018,No,,,,Yes,Yes,,,,
385,PEDRO VALENCIA,TX,U.S. House Texas District 29,Representative,Regular,3/6/18,Lost,,0.0,0.0,0.0,0.0,0.0,06/30/2018,No,,,,No,,,,,
386,ROEL GARCIA,TX,U.S. House Texas District 29,Representative,Regular,3/6/18,Lost,,266.93,0.0,0.0,500.0,0.0,12/31/2018,No,,,,No,,,,,
387,SYLVIA GARCIA,TX,U.S. House Texas District 29,Representative,Regular,3/6/18,Advanced,On the Ballot,3130.0,553422.2,4000.0,2275.0,6000.0,12/31/2018,Yes,,,,No,,,,,
388,ADAM BELL,TX,U.S. House Texas District 3,Representative,Regular,3/6/18,Lost,,0.0,0.0,0.0,0.0,0.0,06/30/2018,,,,,,No,,,,
389,LORIE BURCH,TX,U.S. House Texas District 3,Representative,Regular,3/6/18,Advanced,On the Ballot,1100.0,0.0,4000.0,88.74,0.0,12/31/2018,,,,,,Yes,,,,
390,MEDRICK YHAP,TX,U.S. House Texas District 3,Representative,Regular,3/6/18,Lost,,0.0,0.0,0.0,0.0,0.0,03/31/2018,,,,,,No,,,,
391,CHRISTINE MANN,TX,U.S. House Texas District 31,Representative,Regular,3/6/18,Advanced,,2114.26,0.0,4000.0,0.0,0.0,12/31/2018,,,,,Yes,,,,,
392,MIKE CLARK,TX,U.S. House Texas District 31,Representative,Regular,3/6/18,Lost,,535.57,0.0,0.0,0.0,0.0,12/31/2018,,,,,No,,,,,
393,BRETT SHIPP,TX,U.S. House Texas District 32,Representative,Regular,3/6/18,Lost,,1.0,500.0,4000.0,0.0,0.0,03/22/2018,No,,,,,,,,,
394,COLIN ALLRED,TX,U.S. House Texas District 32,Representative,Regular,3/6/18,Advanced,On the Ballot,0.0,467225.78,4871.93,42271.49,9125.64,12/31/2018,No,,,,,,,,,
395,GEORGE RODRIGUEZ,TX,U.S. House Texas District 32,Representative,Regular,3/6/18,Lost,,8192.75,0.0,0.0,0.0,0.0,07/24/2018,No,,,,,,,,,
396,LILLIAN SALERNO,TX,U.S. House Texas District 32,Representative,Regular,3/6/18,Advanced,,17409.1,19000.0,0.0,29160.0,0.0,12/31/2018,Yes,,,,,,,,,
397,TODD MATERNOWSKI,TX,U.S. House Texas District 32,Representative,Regular,3/6/18,Lost,,0.0,0.0,0.0,0.0,0.0,03/07/2018,No,,,,,,,,,
398,DAYNA STEELE,TX,U.S. House Texas District 36,Representative,Regular,3/6/18,Advanced,On the Ballot,137.0,14700.0,0.0,14864.12,0.0,12/31/2018,,,,,Yes,,,Yes,,
399,CATHERINE KRANTZ,TX,U.S. House Texas District 4,Representative,Regular,3/6/18,Advanced,On the Ballot,0.0,549.57,535.0,0.0,0.0,12/31/2018,,,,,,,,,,
400,JANA SANCHEZ,TX,U.S. House Texas District 6,Representative,Regular,3/6/18,Advanced,On the Ballot,972.49,64642.68,4000.0,3500.0,0.0,12/31/2018,,,,,No,,,,,
401,JOHN DUNCAN,TX,U.S. House Texas District 6,Representative,Regular,3/6/18,Lost,,3724.38,0.0,4000.0,6.0,0.0,05/03/2018,,,,,No,,,,,
402,JUSTIN SNIDER,TX,U.S. House Texas District 6,Representative,Regular,3/6/18,Lost,,600.0,500.0,0.0,127.0,0.0,09/17/2018,,,,,Yes,,,,,
403,LEVII SHOCKLEE,TX,U.S. House Texas District 6,Representative,Regular,3/6/18,Lost,,75.0,0.0,4000.0,431.38,0.0,04/13/2018,,,,,No,,,,,
404,RUBY WOOLRIDGE,TX,U.S. House Texas District 6,Representative,Regular,3/6/18,Advanced,,417.91,325.0,0.0,0.0,0.0,12/31/2018,,,,,No,,,,,
405,IVAN SANCHEZ,TX,U.S. House Texas District 7,Representative,Regular,3/6/18,Lost,,1381.97,100.0,0.0,600.0,0.0,05/30/2018,No,,,,No,No,,,No,
406,JAMES CARGAS,TX,U.S. House Texas District 7,Representative,Regular,3/6/18,Lost,,34900.0,0.0,0.0,143.0,0.0,10/10/2018,No,,,,No,No,,,No,
407,JASON WESTIN,TX,U.S. House Texas District 7,Representative,Regular,3/6/18,Lost,,5588.84,12000.0,4000.0,44041.0,0.0,10/21/2018,No,,,,No,No,,,No,
408,JOSHUA BUTLER,TX,U.S. House Texas District 7,Representative,Regular,3/6/18,Lost,,275.0,0.0,4000.0,0.0,0.0,12/31/2018,No,,,,No,No,,,No,
409,LAURA MOSER,TX,U.S. House Texas District 7,Representative,Regular,3/6/18,Advanced,,2455.12,13269.03,4000.0,25930.99,0.0,12/31/2018,No,,,,Yes,Yes,,,Yes,
410,STEVEN DAVID,TX,U.S. House Texas District 8,Representative,Regular,3/6/18,Advanced,On the Ballot,0.0,2000.0,0.0,0.0,0.0,12/31/2018,,,,,,,,,,
411,EDWARD KIMBROUGH,TX,U.S. Senate Texas,Senator,Regular,3/6/18,Lost,,0.0,0.0,0.0,0.0,0.0,06/30/2018,,,,,,,,No,,
412,LEE CASTILLO,UT,U.S. House Utah District 1,Representative,Regular,6/26/18,Advanced,On the Ballot,0.0,0.0,0.0,0.0,0.0,11/26/2018,,,,,,,,,,
413,SHIREEN GHORBANI,UT,U.S. House Utah District 2,Representative,Regular,6/26/18,Advanced,On the Ballot,1637.83,211.94,8218.48,300.0,0.0,12/31/2018,,,,,,,,,,
414,JAMES SINGER,UT,U.S. House Utah District 3,Representative,Regular,6/26/18,Advanced,On the Ballot,0.0,0.0,0.0,75.0,0.0,12/31/2018,,,,,,,,,,
415,JAMES SINGER,UT,U.S. House Utah District 3,Representative,Regular,6/26/18,Advanced,On the Ballot,0.0,0.0,0.0,0.0,0.0,06/30/2017,,,,,,,,,,
416,BEN MCADAMS,UT,U.S. House Utah District 4,Representative,Regular,6/26/18,Advanced,On the Ballot,0.0,445761.91,8223.08,6500.0,2500.0,12/31/2018,,,,,,,,,,
417,JENNY WILSON,UT,U.S. Senate Utah,Senator,Regular,6/26/18,Advanced,On the Ballot,0.0,92277.5,8000.0,2660.13,0.0,12/31/2018,,,,,,,,,,
418,EDWIN SANTANA,VA,U.S. House Virginia District 1,Representative,Regular,6/12/18,Lost,,0.0,2500.0,0.0,0.0,0.0,12/31/2018,,,,,Yes,,,,,
419,JOHN SUDDARTH,VA,U.S. House Virginia District 1,Representative,Regular,6/12/18,Lost,,35578.38,1500.0,0.0,0.0,0.0,07/06/2018,,,,,No,,,,,
420,VANGIE WILLIAMS,VA,U.S. House Virginia District 1,Representative,Regular,6/12/18,Advanced,On the Ballot,0.0,8329.67,5125.0,100.0,0.0,12/31/2018,,,,,No,,,,,
421,ALISON FRIEDMAN,VA,U.S. House Virginia District 10,Representative,Regular,6/12/18,Lost,,1080365.35,16600.0,0.0,299015.86,1000.0,12/31/2018,,,,,No,,,,,No
422,JENNIFER WEXTON,VA,U.S. House Virginia District 10,Representative,Regular,6/12/18,Advanced,On the Ballot,0.0,507281.8,15000.0,53840.87,3141.12,12/31/2018,,,,,No,,,,,No
423,JULIA BIGGINS,VA,U.S. House Virginia District 10,Representative,Regular,6/12/18,Lost,,0.0,200.0,0.0,25.0,0.0,06/30/2018,,,,,Yes,,,,,No
424,LINDSEY STOVER,VA,U.S. House Virginia District 10,Representative,Regular,6/12/18,Lost,,4805.38,32000.0,0.0,175761.18,0.0,12/31/2018,,,,,No,,,,,No
425,ELAINE LURIA,VA,U.S. House Virginia District 2,Representative,Regular,6/12/18,Advanced,On the Ballot,5360.1,455889.39,10000.0,28196.7,7000.0,12/31/2018,Yes,,,,,,,,No,Yes
426,KAREN MALLARD,VA,U.S. House Virginia District 2,Representative,Regular,6/12/18,Lost,,2619.86,6412.98,0.0,2975.72,0.0,10/31/2018,No,,,,,,,,Yes,No
427,LESLIE COCKBURN,VA,U.S. House Virginia District 5,Representative,Regular,6/12/18,Advanced,On the Ballot,178158.15,178240.9,3856.26,27538.57,250.0,12/31/2018,Yes,,,,,,,,,
428,CHARLOTTE MOORE,VA,U.S. House Virginia District 6,Representative,Regular,6/12/18,Lost,,0.0,0.0,0.0,0.0,0.0,09/03/2018,,,,,No,,,,,
429,JENNIFER LEWIS,VA,U.S. House Virginia District 6,Representative,Regular,6/12/18,Advanced,On the Ballot,0.0,1416.0,3000.0,100.0,0.0,12/31/2018,,,,,Yes,,,,,
430,PETER VOLOSIN,VA,U.S. House Virginia District 6,Representative,Regular,6/12/18,Lost,,0.0,0.0,0.0,0.0,0.0,12/31/2018,,,,,No,,,,,
431,SERGIO COPPOLA,VA,U.S. House Virginia District 6,Representative,Regular,6/12/18,Lost,,580.52,0.0,0.0,0.0,0.0,06/18/2018,,,,,No,,,,,
432,ABIGAIL SPANBERGER,VA,U.S. House Virginia District 7,Representative,Regular,6/12/18,Advanced,On the Ballot,0.0,450180.69,4693.29,83502.96,95.24,12/31/2018,Yes,,,,,,,,,No
433,ANTHONY FLACCAVENTO,VA,U.S. House Virginia District 9,Representative,Regular,6/12/18,Advanced,On the Ballot,13545.0,18854.18,5000.0,1581.72,500.0,12/31/2018,,,,,Yes,,,,,
434,JUSTIN SANTOPIETRO,VA,U.S. House Virginia District 9,Representative,Regular,6/12/18,Lost,,1500.0,0.0,0.0,0.0,0.0,06/30/2018,,,,,No,,,,,
435,CAROLYN LONG,WA,U.S. House Washington District 3,Representative,Regular,8/7/18,Advanced,On the Ballot,2896.9,308098.56,2081.7,18738.41,0.0,12/31/2018,Yes,,,,No,No,,Yes,,
436,DAVID MCDEVITT,WA,U.S. House Washington District 3,Representative,Regular,8/7/18,Lost,,0.0,0.0,0.0,0.0,0.0,12/31/2018,No,,,,No,No,,No,,
437,DOROTHY GASQUE,WA,U.S. House Washington District 3,Representative,Regular,8/7/18,Lost,,0.0,311.5,0.0,0.0,0.0,07/18/2018,No,,,,Yes,Yes,,No,,
438,CHRISTINE BROWN,WA,U.S. House Washington District 4,Representative,Regular,8/7/18,Advanced,On the Ballot,20.0,1806.92,0.0,100.0,0.0,12/31/2018,,,,,,,,,,
439,LISA BROWN,WA,U.S. House Washington District 5,Representative,Regular,8/7/18,Advanced,On the Ballot,76.15,477670.89,7313.37,42833.09,2300.0,12/31/2018,Yes,,,,,,,Yes,,
440,JASON RITTEREISER,WA,U.S. House Washington District 8,Representative,Regular,8/7/18,Lost,,0.0,33600.0,500.0,52460.67,0.0,12/31/2018,No,,,,Yes,,,Yes,,
441,KIM SCHRIER,WA,U.S. House Washington District 8,Representative,Regular,8/7/18,Advanced,On the Ballot,5400.0,510021.76,1000.0,14715.12,1971.82,12/31/2018,Yes,,,,No,,,No,,
442,SHANNON HADER,WA,U.S. House Washington District 8,Representative,Regular,8/7/18,Lost,,5500.0,18300.0,0.0,13806.63,0.0,12/31/2018,No,,,,No,,,No,,
443,KENDRA FERSHEE,WV,U.S. House West Virginia District 1,Representative,Regular,5/8/18,Advanced,On the Ballot,74.94,19600.0,0.0,178.15,0.0,11/26/2018,,,,,,,,,,
444,RALPH BAXTER,WV,U.S. House West Virginia District 1,Representative,Regular,5/8/18,Lost,,41300.0,10600.0,0.0,26600.0,400.0,12/31/2018,,,,,,,,,,
445,AARON SCHEINBERG,WV,U.S. House West Virginia District 2,Representative,Regular,5/8/18,Lost,,13180.0,11794.18,0.0,1500.0,0.0,12/31/2018,,,,,,,,,,Yes
446,TALLEY SERGENT,WV,U.S. House West Virginia District 2,Representative,Regular,5/8/18,Advanced,On the Ballot,12612.71,90850.0,0.0,9595.0,0.0,12/31/2018,,,,,,,,,,No
447,RICHARD OJEDA,WV,U.S. House West Virginia District 3,Representative,Regular,5/8/18,Advanced,On the Ballot,0.0,429886.46,5200.0,500.0,1000.0,12/31/2018,,,,,,,,,Yes,Yes
448,RICHARD OJEDA,WV,U.S. House West Virginia District 3,Representative,Regular,5/8/18,Advanced,On the Ballot,0.0,0.0,0.0,230.0,0.0,12/31/2018,,,,,,,,,Yes,Yes
449,SHIRLEY LOVE,WV,U.S. House West Virginia District 3,Representative,Regular,5/8/18,Lost,,0.0,0.0,0.0,0.0,0.0,07/15/2018,,,,,,,,,No,No
